movie_name,부정,중립
myeongryang,26.666666666666668,73.33333333333333
parasite,20.0,80.0
sado,11.320754716981131,88.67924528301887
the_kings_garden,0.0,100.0
